"","GeneName","UniProt","Protein_name","Reference","STRING_id"
"2","Hspa8","P63018","Heat shock cognate 71 kDa protein","PMID:  31405203","9606.ENSP00000432083"
"3","Flot1","Q9Z1E1","Flotillin-1","PMID:  31405203","9606.ENSP00000365569"
"5","Atp5f1b","P10719","ATP synthase subunit beta, mitochondrial","PMID:  31405203","9606.ENSP00000262030"
"6","Vdac1","Q9Z2L0","Voltage-dependent anion-selective channel protein 1","PMID:  31405203","9606.ENSP00000265333"
"8","Phb","P67779","Prohibitin","PMID:  31405203","9606.ENSP00000479488"
"9","Actb","P60711","Actin cytoplasmic 1","PMID:  31405203","9606.ENSP00000349960"
"12","Flot2","Q9Z2S9","Flotillin-2","PMID:  31405203","9606.ENSP00000378368"
"14","Vdac2","P81155","Voltage-dependent anion-selective channel protein 2","PMID:  31405203","9606.ENSP00000361635"
"15","Atp1a1","P06685","Sodium/potassium-transporting ATPase subunit alpha-1","PMID:  31405203","9606.ENSP00000445306"
"18","Gapdh","P04797","Glyceraldehyde-3-phosphate dehydrogenase","PMID:  31405203","9606.ENSP00000229239"
"19","Gnb1","P54311","Transducin beta-1","PMID:  31405203","9606.ENSP00000481878"
"22","Anxa2","Q07936","Annexin A2","PMID:  31405203","9606.ENSP00000346032"
"24","Gnai2","P04897","Guanine nucleotide-binding protein G(i) subunit alpha-2","PMID:  31405203","9606.ENSP00000312999"
"25","Hspa5","P06761","Endoplasmic reticulum chaperone BiP","PMID:  31405203","9606.ENSP00000324173"
"27","Canx","P35565","Calnexin","PMID:  31405203","9606.ENSP00000247461"
"30","Myh9","G3V6P7","Myosin heavy chain 9","PMID:  31405203","9606.ENSP00000216181"
"32","Vim","P31000","Vimentin","PMID:  31405203","9606.ENSP00000446007"
"33","Rab7a","P09527","Ras-related protein Rab-7a","PMID:  31405203","9606.ENSP00000265062"
"34","Bsg","P26453","Basigin","PMID:  31405203","9606.ENSP00000333769"
"36","Atp6v1a","D4A133","V-type proton ATPase catalytic subunit A","PMID:  31405203","9606.ENSP00000273398"
"37","Ywhaz","P63102","14-3-3 protein zeta/delta","PMID:  31405203","9606.ENSP00000379287"
"39","Cltc","P11442","Clathrin heavy chain 1","PMID:  31405203","9606.ENSP00000479606"
"42","Stom","Q5XI04","Erythrocyte band 7 integral membrane protein","PMID:  31405203","9606.ENSP00000286713"
"43","Gnb2","P54313","Transducin beta-2","PMID:  31405203","9606.ENSP00000305260"
"46","Erlin2","B5DEH2","Erlin-2","PMID:  31405203","9606.ENSP00000276461"
"47","Snap23","O70377","Synaptosomal-associated protein 23 (SNAP-23)","PMID:  31405203","9606.ENSP00000249647"
"49","Uqcrc2","P32551","Cytochrome b-c1 complex subunit 2, mitochondrial","PMID:  31405203","9606.ENSP00000268379"
"51","Phb2","Q5XIH7","Prohibitin 2","PMID:  31405203","9606.ENSP00000441875"
"52","LSP1","P33241","Lymphocyte‑specific protein 1","DOI: 10.4172/jpb.S7-005","9606.ENSP00000371194"
"53","RAC2","B1AH80","Ras‑related C3 botulinum toxin substrate 2","DOI: 10.4172/jpb.S7-005","9606.ENSP00000249071"
"54","PPP1R9B","Q96SB3","Neurabin II","DOI: 10.4172/jpb.S7-005","9606.ENSP00000478767"
"55","GPSM3","Q9Y4H4","G‑protein‑signaling modulator 3","DOI: 10.4172/jpb.S7-005","9606.ENSP00000364180"
"56","CAMK2G","Q8WU40","Ca²⁺/calmodulin‑dependent protein kinase II γ","DOI: 10.4172/jpb.S7-005","9606.ENSP00000319060"
"57","RAB1C","Q92928","Putative Ras‑related protein Rab‑1C","DOI: 10.4172/jpb.S7-005","9606.ENSP00000229340"
"58","SHKBP1","Q8TBC3","SH3KBP1‑binding protein 1","DOI: 10.4172/jpb.S7-005","9606.ENSP00000291842"
"59","CAP1","Q01518","Adenylyl cyclase‑associated protein 1","DOI: 10.4172/jpb.S7-005","9606.ENSP00000361883"
"60","ST6GAL1","P15907","β‑galactoside α‑2,6‑sialyltransferase 1 (CD75)","DOI: 10.4172/jpb.S7-005","9606.ENSP00000169298"
"61","SIPA1","Q96FS4","Signal‑induced proliferation‑associated protein 1","DOI: 10.4172/jpb.S7-005","9606.ENSP00000377771"
"62","HS2ST1","Q7LGA3","Heparan sulfate 2‑O‑sulfotransferase 1","DOI: 10.4172/jpb.S7-005","9606.ENSP00000359581"
"63","GNG11","P61952","G protein γ‑11 subunit","DOI: 10.4172/jpb.S7-005","9606.ENSP00000248564"
"64","SPARC","P09486","Basement‑membrane protein 40","DOI: 10.4172/jpb.S7-005","9606.ENSP00000231061"
"65","IFI30","P13284","IFN‑γ‑inducible lysosomal thiol reductase","DOI: 10.4172/jpb.S7-005","9606.ENSP00000384886"
"66","PPP1R18","Q6NYC8","Phostensin","DOI: 10.4172/jpb.S7-005","9606.ENSP00000274853"
"67","LMO7","Q8WWI1","LIM domain only protein 7","DOI: 10.4172/jpb.S7-005","9606.ENSP00000433352"
"68","TPP2","P29144","Tripeptidyl‑peptidase 2","DOI: 10.4172/jpb.S7-005","9606.ENSP00000365233"
"69","AP1B1","Q10567","AP‑1 complex subunit β‑1","DOI: 10.4172/jpb.S7-005","9606.ENSP00000350199"
"70","OSBPL5","Q9H0X9","Oxysterol‑binding protein‑related protein 5","DOI: 10.4172/jpb.S7-005","9606.ENSP00000263650"
"71","POTEE","Q6S8J3","POTE ankyrin domain family member E","DOI: 10.4172/jpb.S7-005","9606.ENSP00000439189"
"72","TMEM205","Q6UW68","Transmembrane protein 205","DOI: 10.4172/jpb.S7-005","9606.ENSP00000346954"
"23","GNAI2","P04899","Guanine nucleotide‑binding protein G(i) subunit alpha‑2","PMID: 27384440","9606.ENSP00000312999"
"21","ANXA2","P07355","Annexin A2 (Annexin II)","PMID: 27384440","9606.ENSP00000346032"
"74","GNAI3","P08754","Guanine nucleotide‑binding protein G(k) subunit alpha","PMID: 27384440","9606.ENSP00000358867"
"75","CD59","P13987","CD59 glycoprotein (1F5 antigen)","PMID: 27384440","9606.ENSP00000379191"
"76","CAV1","Q03135","Caveolin‑1","PMID: 27384440","9606.ENSP00000339191"
"77","GNG12","Q9UBI6","Guanine nucleotide‑binding protein G(I)/G(S)/G(O) subunit gamma‑12","PMID: 27384440","9606.ENSP00000360021"
"1","HSPA8","P11142","Heat shock cognate 71 kDa protein","PMID: 27384440","9606.ENSP00000432083"
"7","PHB","P35232","Prohibitin","PMID: 27384440","9606.ENSP00000479488"
"41","STOM","P27105","Erythrocyte band 7 integral membrane protein","PMID: 27384440","9606.ENSP00000286713"
"11","FLOT2","Q14254","Flotillin‑2","PMID: 27384440","9606.ENSP00000378368"
"17","GAPDH","P04406","Glyceraldehyde‑3‑phosphate dehydrogenase","PMID: 27384440","9606.ENSP00000229239"
"78","RAC1","P63000","Ras‑related C3 botulinum toxin substrate 1","PMID: 27384440","9606.ENSP00000348461"
"79","GSN","P06396","Gelsolin","PMID: 27384440","9606.ENSP00000362924"
"80","RPL7A","P62424","60S ribosomal protein L7a","PMID: 27384440","9606.ENSP00000361076"
"81","AHNAK","Q09666","Neuroblast differentiation‑associated protein AHNAK","PMID: 27384440","9606.ENSP00000367263"
"82","ATP6V0A3","Q13488","V‑type proton ATPase subunit a isoform 3","PMID: 27384440","9606.ENSP00000265686"
"83","DSG2","Q14126","Desmoglein‑2","PMID: 27384440","9606.ENSP00000261590"
"50","PHB2","Q99623","Prohibitin‑2","PMID: 27384440","9606.ENSP00000441875"
"84","PLEC","Q15149","Plectin","PMID: 27384440","9606.ENSP00000323856"
"86","ANPEP","P15144","Aminopeptidase N (CD13)","PMID: 27384440","9606.ENSP00000300060"
"87","GPRC5C","Q9NQ84","G‑protein‑coupled receptor family C group 5 member C","PMID: 27384440","9606.ENSP00000376403"
"88","HSP90B1","P14625","Endoplasmin (tumor rejection antigen 1)","PMID: 27384440","9606.ENSP00000299767"
"89","Slc25a5","P05141","ADP/ATP translocase 2","PMID: 22037461","9606.ENSP00000360671"
"90","Slc25a4","P48962","ADP/ATP translocase 1","PMID: 22037461","9606.ENSP00000281456"
"91","Itpr3","Q14573","Inositol 1,4,5-trisphosphate receptor type 3","PMID: 22037461","9606.ENSP00000363435"
"92","Agps","O00116","Alkyldihydroxyacetonephosphate synthase, peroxisomal precursor","PMID: 22037461","9606.ENSP00000264167"
"93","Acbd3","P28288","Golgi resident protein GCP60","PMID: 22037461","9606.ENSP00000355777"
"94","Fasn","P49327","Fatty acid synthase","PMID: 22037461","9606.ENSP00000304592"
"96","Cyb5r1","Q9DB73","NADH-cytochrome b5 reductase 1","PMID: 22037461","9606.ENSP00000356218"
"97","Tcp1","E7EQR6","T-complex protein 1 subunit alpha (isoform 1)","PMID: 22037461","9606.ENSP00000317334"
"98","Clgn","O14967","Calmegin","PMID: 22037461","9606.ENSP00000326699"
"99","Sep15","O60613","15 kDa selenoprotein","PMID: 22037461","9606.ENSP00000328729"
"101","Dnaja2","O60884","DnaJ (Hsp40) homolog subfamily A member 2","PMID: 22037461","9606.ENSP00000314030"
"102","P4hb","P07237","Protein disulfide-isomerase","PMID: 22037461","9606.ENSP00000327801"
"103","Hsp90ab1","P08238","Heat shock protein HSP 90-beta","PMID: 22037461","9606.ENSP00000360609"
"106","Pdia3","P30101","ERp57","PMID: 22037461","9606.ENSP00000300289"
"108","Hspa9","P38646","Stress-70 protein, mitochondrial","PMID: 22037461","9606.ENSP00000297185"
"109","Cct5","P48643","T-complex protein 1 subunit epsilon","PMID: 22037461","9606.ENSP00000280326"
"111","Cct8","P50990","T-complex protein 1 subunit theta","PMID: 22037461","9606.ENSP00000286788"
"113","Cct6a","P80317","Chaperonin subunit 6a","PMID: 22037461","9606.ENSP00000275603"
"115","Trap1","Q12931","80 kDa protein","PMID: 22037461","9606.ENSP00000246957"
"116","Mogs","Q13724","Mannosyl-oligosaccharide glucosidase","PMID: 22037461","9606.ENSP00000233616"
"117","Fkbp8","Q14318","Peptidyl-prolyl cis-trans isomerase FKBP8","PMID: 22037461","9606.ENSP00000476767"
"118","Ganab","Q14697","Neutral alpha-glucosidase AB","PMID: 22037461","9606.ENSP00000340466"
"120","DNAJC11","Q9NVH1","59 kDa protein","PMID: 22037461","9606.ENSP00000366800"
"121","Uggt","Q9NYU2","UDP-glucose:glycoprotein glucosyltransferase 1","PMID: 22037461","9606.ENSP00000259253"
"122","DNAJB11","Q9UBS4","DnaJ homolog subfamily B member 11","PMID: 22037461","9606.ENSP00000414398"
"123","Sec63","Q9UGP8","Translocation protein SEC63 homolog","PMID: 22037461","9606.ENSP00000357998"
"124","Rpn1","P04843","Dolichyl-diphosphooligosaccharide–protein glycosyltransferase subunit 1","PMID: 22037461","9606.ENSP00000296255"
"125","Rpn2","P04844","Dolichyl-diphosphooligosaccharide–protein glycosyltransferase subunit 2","PMID: 22037461","9606.ENSP00000237530"
"127","Eif2s1","P05198","Eukaryotic translation initiation factor 2 subunit 1","PMID: 22037461","9606.ENSP00000256383"
"128","Calr","P27797","Calreticulin","PMID: 22037461","9606.ENSP00000320866"
"130","Ddost","P39656","Dolichyl-diphosphooligosaccharide–protein glycosyltransferase 48 kDa subunit","PMID: 22037461","9606.ENSP00000399457"
"131","Ssr4","P51571","Translocon-associated protein subunit delta","PMID: 22037461","9606.ENSP00000317331"
"132","Vcp","P55072","Transitional endoplasmic reticulum ATPase","PMID: 22037461","9606.ENSP00000351777"
"134","Ckap4","Q07065","Cytoskeleton-associated protein 4","PMID: 22037461","9606.ENSP00000367265"
"136","Hyou1","Q9Y4L1","Hypoxia up-regulated protein 1","PMID: 22037461","9606.ENSP00000480150"
"35","BSG","Q865R3","Basigin","PMID: 26747763","9606.ENSP00000333769"
"137","CDH2","P19534","Cadherin-2","PMID: 26747763","9606.ENSP00000269141"
"139","CTSD","P80209","Cathepsin D","PMID: 26747763","9606.ENSP00000236671"
"140","CXADR","Q8WMV3","Coxsackievirus and adenovirus receptor homolog","PMID: 26747763","9606.ENSP00000284878"
"141","DAG1","O18738","Dystroglycan","PMID: 26747763","9606.ENSP00000442600"
"142","EFNB1","A0A3Q1MMC0","Ephrin-B1","PMID: 26747763","9606.ENSP00000204961"
"143","EGFR","A0A3Q1MHB0","Epidermal growth factor receptor","PMID: 26747763","9606.ENSP00000275493"
"146","ERLIN1","A0A3Q1MZY2","Erlin-1","PMID: 26747763","9606.ENSP00000410964"
"45","ERLIN2","A0AAA9TYU4","Erlin-2","PMID: 26747763","9606.ENSP00000276461"
"147","EZR","Q5E9H3","Ezrin","PMID: 26747763","9606.ENSP00000356042"
"148","FAIM2","Q1LZ71","Protein lifeguard 2","PMID: 26747763","9606.ENSP00000321951"
"4","FLOT1","Q08DN8","Flotillin-1","PMID: 26747763","9606.ENSP00000365569"
"149","GJA1","P18246","Gap junction alpha-1 protein","PMID: 26747763","9606.ENSP00000282561"
"150","GJA3","P41987","Gap junction alpha-3 protein","PMID: 26747763","9606.ENSP00000241125"
"151","GNAI1","P63097","Guanine nucleotide-binding protein G(i) subunit alpha-1","PMID: 26747763","9606.ENSP00000343027"
"152","GPC1","G3X745","Glypican-1","PMID: 26747763","9606.ENSP00000264039"
"153","ITGB1","P53712","Integrin beta-1","PMID: 26747763","9606.ENSP00000379350"
"154","KRAS","A0A3Q1LMP2","GTPase KRas","PMID: 26747763","9606.ENSP00000256078"
"155","LAMTOR1","Q3T0D8","Ragulator complex protein LAMTOR1","PMID: 26747763","9606.ENSP00000278671"
"156","LAT","F1MZ60","Blood–brain barrier large neutral amino acid transporter","PMID: 26747763","9606.ENSP00000378845"
"157","PAG1","F1MQC1","Phosphoprotein associated with glycosphingolipid-enriched microdomains 1","PMID: 26747763","9606.ENSP00000220597"
"158","PGK1","Q3T0P6","Phosphoglycerate kinase 1","PMID: 26747763","9606.ENSP00000362413"
"159","PRNP","P10279","Major prion protein","PMID: 26747763","9606.ENSP00000368752"
"160","PSEN1","Q9XT97","Presenilin-1","PMID: 26747763","9606.ENSP00000326366"
"161","RAB5A","Q0IIG7","Ras-related protein Rab-5A","PMID: 26747763","9606.ENSP00000273047"
"162","RALA","Q3ZCK2","Ras related v-ral simian leukemia viral oncogene homolog A","PMID: 26747763","9606.ENSP00000005257"
"163","RAP2B","A4IFU2","Ras-related protein Rap-2b","PMID: 26747763","9606.ENSP00000319096"
"164","STOML2","Q32LL2","Stomatin-like protein 2, mitochondrial","PMID: 26747763","9606.ENSP00000348886"
"166","STX12","A7MAZ2","Syntaxin-12","PMID: 26747763","9606.ENSP00000363054"
"167","STX2","F1MNQ8","Syntaxin-2","PMID: 26747763","9606.ENSP00000376178"
"169","TMED10","Q5E971","Transmembrane emp24 domain-containing protein 10","PMID: 26747763","9606.ENSP00000303145"
"170","TMED2","Q5E971","Transmembrane emp24 domain-containing protein 2","PMID: 26747763","9606.ENSP00000262225"
"13","VDAC2","P68002","Voltage-dependent anion-selective channel protein 2","PMID: 26747763","9606.ENSP00000361635"
"171","P2RX7","Q99572","P2X purinoceptor 7","PMID: 16842738","9606.ENSP00000330696"
"172","Abca6","A4FVC6",NA,"https://jajgastrohepto.org/pdf/JJGH-v4-1290.pdf","9606.ENSP00000284425"
"173","Abcb11","O95342",NA,"https://jajgastrohepto.org/pdf/JJGH-v4-1290.pdf","9606.ENSP00000263817"
"174","Abcc2","B2RMT8",NA,"https://jajgastrohepto.org/pdf/JJGH-v4-1290.pdf","9606.ENSP00000359478"
"175","Abcc5","A5PKY6",NA,"https://jajgastrohepto.org/pdf/JJGH-v4-1290.pdf","9606.ENSP00000333926"
"176","Abcc6","O95255",NA,"https://jajgastrohepto.org/pdf/JJGH-v4-1290.pdf","9606.ENSP00000205557"
"177","Abcd3","P28288",NA,"https://jajgastrohepto.org/pdf/JJGH-v4-1290.pdf","9606.ENSP00000359233"
"178","Aldh3a2","P51648",NA,"https://jajgastrohepto.org/pdf/JJGH-v4-1290.pdf","9606.ENSP00000345774"
"85","Anpep","P15144",NA,"https://jajgastrohepto.org/pdf/JJGH-v4-1290.pdf","9606.ENSP00000300060"
"179","Anxa6","A0A0S2Z2Z6",NA,"https://jajgastrohepto.org/pdf/JJGH-v4-1290.pdf","9606.ENSP00000346550"
"180","Atp1a4","Q13733",NA,"https://jajgastrohepto.org/pdf/JJGH-v4-1290.pdf","9606.ENSP00000357060"
"181","Atp1b1","A3KLL5",NA,"https://jajgastrohepto.org/pdf/JJGH-v4-1290.pdf","9606.ENSP00000356790"
"182","Atp4a","A0A384MR29",NA,"https://jajgastrohepto.org/pdf/JJGH-v4-1290.pdf","9606.ENSP00000262623"
"183","Atp6v0c","P27449",NA,"https://jajgastrohepto.org/pdf/JJGH-v4-1290.pdf","9606.ENSP00000329757"
"184","Atp6v0d1","B2R7M1",NA,"https://jajgastrohepto.org/pdf/JJGH-v4-1290.pdf","9606.ENSP00000290949"
"185","Atp6v1b1","C9JL73",NA,"https://jajgastrohepto.org/pdf/JJGH-v4-1290.pdf","9606.ENSP00000234396"
"186","Atp6v1b2","A0A140VK65",NA,"https://jajgastrohepto.org/pdf/JJGH-v4-1290.pdf","9606.ENSP00000276390"
"187","Atp6v1e1","P36543",NA,"https://jajgastrohepto.org/pdf/JJGH-v4-1290.pdf","9606.ENSP00000253413"
"188","Cacna2d1","A0A994J595",NA,"https://jajgastrohepto.org/pdf/JJGH-v4-1290.pdf","9606.ENSP00000349320"
"189","Cd14","B2R888",NA,"https://jajgastrohepto.org/pdf/JJGH-v4-1290.pdf","9606.ENSP00000304236"
"190","Cp","A5PL27",NA,"https://jajgastrohepto.org/pdf/JJGH-v4-1290.pdf","9606.ENSP00000264613"
"191","Cyb5a","P00167",NA,"https://jajgastrohepto.org/pdf/JJGH-v4-1290.pdf","9606.ENSP00000341625"
"192","Cybb","A0A0S2Z3S6",NA,"https://jajgastrohepto.org/pdf/JJGH-v4-1290.pdf","9606.ENSP00000367851"
"144","Egfr","F2YGG7",NA,"https://jajgastrohepto.org/pdf/JJGH-v4-1290.pdf","9606.ENSP00000275493"
"193","Enpp1","B2RBY8",NA,"https://jajgastrohepto.org/pdf/JJGH-v4-1290.pdf","9606.ENSP00000354238"
"194","Enpp3","A8KA38",NA,"https://jajgastrohepto.org/pdf/JJGH-v4-1290.pdf","9606.ENSP00000406261"
"195","Gjb1","A0A654ICJ7",NA,NA,"9606.ENSP00000363134"
"196","Glipr2","Q5VZR0",NA,NA,"9606.ENSP00000367196"
"197","Gna11","O15109",NA,NA,"9606.ENSP00000078429"
"199","Gna13","B4DWV9",NA,NA,"9606.ENSP00000400717"
"201","Gnal","A8K1Y9",NA,NA,"9606.ENSP00000334051"
"202","Gnas","A0A0S2Z3H8",NA,NA,"9606.ENSP00000360141"
"204","Gnb3","E9PCP0",NA,NA,"9606.ENSP00000229264"
"205","Irgm","A1A4Y4",NA,NA,"9606.ENSP00000428220"
"206","Iyd","C9JXJ9",NA,NA,"9606.ENSP00000229447"
"208","Lyn","A8K379",NA,NA,"9606.ENSP00000428924"
"209","Magt1","A0A8I5KYH1",NA,NA,"9606.ENSP00000354649"
"210","Msn","P26038",NA,NA,"9606.ENSP00000353408"
"211","Myadm","B2RE58",NA,NA,"9606.ENSP00000375649"
"213","Myh10","G1UI33",NA,NA,"9606.ENSP00000353590"
"214","Myh14","B3KWH4",NA,NA,"9606.ENSP00000470298"
"215","Napa","A8K879",NA,NA,"9606.ENSP00000263354"
"216","Nme2","A8MWA3",NA,NA,"9606.ENSP00000376889"
"218","Nt5e","B2RBH2",NA,NA,"9606.ENSP00000257770"
"219","Pgrmc1","O00264",NA,NA,"9606.ENSP00000217971"
"220","Rab10","D6W538",NA,NA,"9606.ENSP00000264710"
"221","Rab15","G3V196",NA,NA,"9606.ENSP00000267512"
"222","Rab35","Q15286",NA,NA,"9606.ENSP00000229340"
"223","Rap1b","A6NIZ1",NA,NA,"9606.ENSP00000250559"
"224","Rdx","A0A2R8Y5S7",NA,NA,"9606.ENSP00000384136"
"225","Sfxn1","B3KPW3",NA,NA,"9606.ENSP00000316905"
"226","Sfxn2","Q5JSM6",NA,NA,"9606.ENSP00000358909"
"227","Sfxn3","A0A8V8TP06",NA,NA,"9606.ENSP00000224807"
"228","Siglec1","A5D8Z7",NA,NA,"9606.ENSP00000341141"
"229","Slc12a7","A0A0G2JNW7",NA,NA,"9606.ENSP00000264930"
"230","Slc22a1","A6NFF3",NA,NA,"9606.ENSP00000355930"
"231","Slc22a18","Q96BI1",NA,NA,"9606.ENSP00000369948"
"232","Slc25a15","B2R921",NA,NA,"9606.ENSP00000342267"
"233","Slc26a1","A8K9N2",NA,NA,"9606.ENSP00000354721"
"234","Slc28a2","A8K7F9",NA,NA,"9606.ENSP00000315006"
"235","Slc2a2","A8K481",NA,NA,"9606.ENSP00000323568"
"236","Slc38a3","B2R8Q0",NA,NA,"9606.ENSP00000481301"
"237","Slc38a4","A8K553",NA,NA,"9606.ENSP00000389843"
"238","Slc4a4","A0A8V8TNB1",NA,NA,"9606.ENSP00000393557"
"239","Sptbn2","A0A087WYQ1",NA,NA,"9606.ENSP00000432568"
"240","Steap3","A8K6E3",NA,NA,"9606.ENSP00000376822"
"241","Steap4","Q658Q9",NA,NA,"9606.ENSP00000369419"
"165","Stoml2","Q9UJZ1",NA,NA,"9606.ENSP00000348886"
"242","Tap1","Q03518",NA,NA,"9606.ENSP00000346206"
"243","Tap2","A0A1V0E3Z3",NA,NA,"9606.ENSP00000364034"
"244","Tapbp","A0A0G2JKZ1",NA,NA,"9606.ENSP00000404833"
"245","Tcirg1","A0A8V8TM28",NA,NA,"9606.ENSP00000265686"
"246","Tm9sf4","A0A0C4DFM1",NA,NA,"9606.ENSP00000381104"
"168","Tmed10","A0A024R6I3",NA,NA,"9606.ENSP00000303145"
"73","Tmem205","K7ELQ9",NA,NA,"9606.ENSP00000346954"
"248","Vapa","Q9P0L0",NA,NA,"9606.ENSP00000345656"
"249","Vapb","Q59EZ6",NA,NA,"9606.ENSP00000417175"
"250","Vdac3","Q9Y277",NA,NA,"9606.ENSP00000428845"
"251","Vnn1","A8K310",NA,NA,"9606.ENSP00000356905"
"252","Acsl1","A8K9T3",NA,NA,"9606.ENSP00000422607"
"253","Acsl5","A0A8C8KCK5",NA,NA,"9606.ENSP00000348429"
"254","Atad3a","B3KPB3",NA,NA,"9606.ENSP00000368030"
"255","Bdh1","A0A384MTY4",NA,NA,"9606.ENSP00000376184"
"256","Chchd3","C9JRZ6",NA,NA,"9606.ENSP00000262570"
"257","Chdh","Q8NE62",NA,NA,"9606.ENSP00000319851"
"258","Cisd1","Q1X902",NA,NA,"9606.ENSP00000363041"
"259","Comtd1","A8K337",NA,NA,"9606.ENSP00000361616"
"260","Cox4i1","B2R4J2",NA,NA,"9606.ENSP00000457513"
"261","Cox5b","A0A384NL93",NA,NA,"9606.ENSP00000258424"
"262","Cox7a2l","D6W5A1",NA,NA,"9606.ENSP00000367938"
"263","Cps1","B7Z818",NA,NA,"9606.ENSP00000402608"
"264","Cyb5b","A8K6B1",NA,NA,"9606.ENSP00000308430"
"265","Cyb5r3","A0A8J8Z3C6",NA,NA,"9606.ENSP00000354468"
"266","Cyc1","P08574",NA,NA,"9606.ENSP00000317159"
"267","Cyp1a2","P05177",NA,NA,"9606.ENSP00000342007"
"269","Decr1","Q16698",NA,NA,"9606.ENSP00000220764"
"270","Faah","D3DQ19",NA,NA,"9606.ENSP00000243167"
"271","Ghitm","A8K9Z9",NA,NA,"9606.ENSP00000361207"
"272","Glud1","A0A140VK14",NA,NA,"9606.ENSP00000277865"
"274","Hadh","A0A0A0MSE2",NA,NA,"9606.ENSP00000474560"
"275","Hadha","B2R7L4",NA,NA,"9606.ENSP00000370023"
"277","Hmgcs2","P54868",NA,NA,"9606.ENSP00000358414"
"278","Hsd17b10","Q99714",NA,NA,"9606.ENSP00000168216"
"279","Hsd17b13","Q7Z5P4",NA,NA,"9606.ENSP00000333300"
"280","Immt","B4DKR1",NA,NA,"9606.ENSP00000387262"
"281","Lactb","P83111",NA,NA,"9606.ENSP00000261893"
"283","Maoa","B4DF46",NA,NA,"9606.ENSP00000340684"
"284","Mccc2","A0A804HK37",NA,NA,"9606.ENSP00000343657"
"285","Mdh2","Q6FHZ0",NA,NA,"9606.ENSP00000327070"
"286","Mtch2","Q53G34",NA,NA,"9606.ENSP00000303222"
"287","Mt-co1","A0A1X7RBG2",NA,NA,"9606.ENSP00000354499"
"288","Mt-co2","A0A1B0VYS2",NA,NA,"9606.ENSP00000354876"
"289","Mt-nd1","A0A059RPU0",NA,NA,"9606.ENSP00000354687"
"290","Mt-nd2","A0A1X7RBG6",NA,NA,"9606.ENSP00000355046"
"291","Mt-nd4","A0A097PWY9",NA,NA,"9606.ENSP00000354961"
"292","Mt-nd5","A0S302",NA,NA,"9606.ENSP00000354813"
"293","Mtx1","A0A0A0MRK6",NA,NA,"9606.ENSP00000357360"
"294","Mtx2","B7Z9F3",NA,NA,"9606.ENSP00000249442"
"295","Ndufa12","A0A804HJF8",NA,NA,"9606.ENSP00000330737"
"296","Ndufa2","O43678",NA,NA,"9606.ENSP00000252102"
"297","Ndufa5","A0A087X1G1",NA,NA,"9606.ENSP00000417142"
"298","Ndufa6","A0A2Y9D025",NA,NA,"9606.ENSP00000418842"
"299","Ndufa7","Q9NPF0",NA,NA,"9606.ENSP00000301457"
"300","Ndufa8","B7Z768",NA,NA,"9606.ENSP00000362873"
"301","Ndufa9","A8K4V2",NA,NA,"9606.ENSP00000266544"
"302","Ndufb10","A8K761",NA,NA,"9606.ENSP00000268668"
"303","Ndufb3","O43676",NA,NA,"9606.ENSP00000237889"
"304","Ndufb4","O95168",NA,NA,"9606.ENSP00000184266"
"305","Ndufb5","O43674",NA,NA,"9606.ENSP00000259037"
"306","Ndufb6","A0A087WZX2",NA,NA,"9606.ENSP00000369176"
"307","Ndufb7","P17568",NA,NA,"9606.ENSP00000215565"
"308","Ndufb8","E9PQ68",NA,NA,"9606.ENSP00000299166"
"309","Ndufc2","O95298",NA,NA,"9606.ENSP00000281031"
"310","Ndufs1","A0A291FIZ5",NA,NA,"9606.ENSP00000392709"
"311","Ndufs3","B2R9J1",NA,NA,"9606.ENSP00000263774"
"312","Ndufs4","H0Y9M8",NA,NA,"9606.ENSP00000296684"
"313","Ndufs7","B7Z1U1",NA,NA,"9606.ENSP00000233627"
"314","Ndufs8","B2RB86",NA,NA,"9606.ENSP00000315774"
"315","Ndufv1","G3V0I5",NA,NA,"9606.ENSP00000322450"
"316","Ndufv2","A8K750",NA,NA,"9606.ENSP00000327268"
"317","Nipsnap1","B4DQI7",NA,NA,"9606.ENSP00000216121"
"318","Nnt","E9PCX7",NA,NA,"9606.ENSP00000264663"
"319","Pc","B4DN00",NA,NA,"9606.ENSP00000377532"
"320","Pdhb","A0A384MDR8",NA,NA,"9606.ENSP00000307241"
"321","Rmnd1","A0A087WXU0",NA,NA,"9606.ENSP00000356272"
"322","Samm50","Q53HC4",NA,NA,"9606.ENSP00000345445"
"323","Sdha","Q0QF12",NA,NA,"9606.ENSP00000264932"
"324","Sdhb","A0AAQ5BHC9",NA,NA,"9606.ENSP00000364649"
"325","Slc25a1","D9HTE9",NA,NA,"9606.ENSP00000215882"
"326","Slc25a10","A0A0S2Z3G3",NA,NA,"9606.ENSP00000446242"
"327","Slc25a11","I3L1P8",NA,NA,"9606.ENSP00000225665"
"328","Slc25a13","Q53GR7",NA,NA,"9606.ENSP00000400101"
"329","Slc25a20","B2R7F4",NA,NA,"9606.ENSP00000326305"
"330","Slc25a27","B4DHR4",NA,NA,"9606.ENSP00000360398"
"331","Slc25a3","A0A024RBE8",NA,NA,"9606.ENSP00000228318"
"332","Srd5a1","B2R7Q1",NA,NA,"9606.ENSP00000274192"
"333","Tmem126a","Q9H061",NA,NA,"9606.ENSP00000306887"
"334","Tmem14c","A0A0S2Z5C3",NA,NA,"9606.ENSP00000444561"
"335","Tomm22","Q53GB0",NA,NA,"9606.ENSP00000216034"
"336","Tomm40","A0A024R0P9",NA,NA,"9606.ENSP00000410339"
"337","Uqcrc1","A0AAQ5BHN1",NA,NA,"9606.ENSP00000203407"
"338","Uqcrfs1","A0A384NPX8",NA,NA,"9606.ENSP00000306397"
"339","Uqcrq","O14949",NA,NA,"9606.ENSP00000367939"
"340","Actbl2","B2RPJ1",NA,NA,"9606.ENSP00000416706"
"342","Actn1","A0A024R694",NA,NA,"9606.ENSP00000377941"
"343","Aldob","A8K430",NA,NA,"9606.ENSP00000363988"
"344","Arf6","P26438",NA,NA,"9606.ENSP00000298316"
"346","Arg1","A0A5F9ZGN6",NA,NA,"9606.ENSP00000349446"
"347","Arpc4","P59998",NA,NA,"9606.ENSP00000388169"
"348","Bhmt","B2RCQ6",NA,NA,"9606.ENSP00000274353"
"349","Capza2","A4D0V4",NA,NA,"9606.ENSP00000354947"
"351","Car3","B2R867",NA,NA,"9606.ENSP00000285381"
"138","Cdh2","P19022",NA,NA,"9606.ENSP00000269141"
"352","Col18a1","A0AAG2UW65",NA,NA,"9606.ENSP00000347665"
"353","Cth","P32929",NA,NA,"9606.ENSP00000359976"
"354","Ctnna1","B4E2G8",NA,NA,"9606.ENSP00000304669"
"357","Dsp","Q4LE79",NA,NA,"9606.ENSP00000369129"
"358","Krt1","B2RA01",NA,NA,"9606.ENSP00000252244"
"359","Krt10","P13645",NA,NA,"9606.ENSP00000269576"
"360","Krt12","B2R9E0",NA,NA,"9606.ENSP00000251643"
"361","Krt14","P02533",NA,NA,"9606.ENSP00000167586"
"362","Krt15","A8K488",NA,NA,"9606.ENSP00000254043"
"363","Krt18","B2RA03",NA,NA,"9606.ENSP00000373487"
"364","Krt27","Q7Z3Y8",NA,NA,"9606.ENSP00000301656"
"365","Krt4","B4DKJ0",NA,NA,"9606.ENSP00000448220"
"366","Krt5","B4E1T1",NA,NA,"9606.ENSP00000252242"
"367","Krt7","B3KY79",NA,NA,"9606.ENSP00000329243"
"368","Krt73","Q32MB2",NA,NA,"9606.ENSP00000307014"
"369","Krt75","B4DQU4",NA,NA,"9606.ENSP00000252245"
"370","Krt76","B4DRR3",NA,NA,"9606.ENSP00000330101"
"371","Krt8","Q7L4M3",NA,NA,"9606.ENSP00000449404"
"372","Myo1b","B0I1S9",NA,NA,"9606.ENSP00000376132"
"374","Pdia6","Q15084",NA,NA,"9606.ENSP00000385385"
"375","Sptbn1","B2RP63",NA,NA,"9606.ENSP00000349259"
"377","Tuba1c","B7Z1K5",NA,NA,"9606.ENSP00000301072"
"378","Tubb5","B4DY90",NA,NA,"9606.ENSP00000264071"
"379","Ugt1a5","A6NJC3",NA,NA,"9606.ENSP00000362513"
"380","Dpep1","A0A140VJI3",NA,NA,"9606.ENSP00000376807"
"381","Dpp4","A0A7I2V2R5",NA,NA,"9606.ENSP00000353731"
"382","Lrrc59","B2RE83",NA,NA,"9606.ENSP00000225972"
"384","Rpl13","A8K4C8",NA,NA,"9606.ENSP00000307889"
"385","Rpl14","P50914",NA,NA,"9606.ENSP00000379506"
"386","Rpl15","E7EQV9",NA,NA,"9606.ENSP00000309334"
"387","Rpl18a","B2R4C0",NA,NA,"9606.ENSP00000222247"
"388","Rpl23a","B2R5B2",NA,NA,"9606.ENSP00000389103"
"389","Rpl3","B2RDV9",NA,NA,"9606.ENSP00000346001"
"391","Rplp2","P05387",NA,NA,"9606.ENSP00000322419"
"392","Rps13","B0YIX6",NA,NA,"9606.ENSP00000435777"
"393","Rps14","A0A2R8Y811",NA,NA,"9606.ENSP00000385958"
"394","Rps4x","B2R491",NA,NA,"9606.ENSP00000362744"
"395","Rps5","B2R4T2",NA,NA,"9606.ENSP00000472985"
"397","Rps6","A2A3R6",NA,NA,"9606.ENSP00000369757"
"398","Rps8","A0AAG2TTP8",NA,NA,"9606.ENSP00000379888"
"400","Armc10","Q8N2F6",NA,NA,"9606.ENSP00000319412"
"401","Atp2a2","H7C5W9",NA,NA,"9606.ENSP00000440045"
"402","Bcap31","B3KQ79",NA,NA,"9606.ENSP00000392330"
"403","Cisd2","Q7Z3D5",NA,NA,"9606.ENSP00000273986"
"404","Cyp2e1","A8K457",NA,NA,"9606.ENSP00000440689"
"405","Derl1","Q9BUN8",NA,NA,"9606.ENSP00000259512"
"406","Dhcr7","A0A024R5F7",NA,NA,"9606.ENSP00000347717"
"119","Dnajc11","B4DPK2",NA,NA,"9606.ENSP00000366800"
"407","Ephx1","A0A024R3P4",NA,NA,"9606.ENSP00000480004"
"145","Erlin1","B0QZ42",NA,NA,"9606.ENSP00000410964"
"408","Fmo3","A0A024R8Z4",NA,NA,"9606.ENSP00000356729"
"409","Fmo5","P49326",NA,NA,"9606.ENSP00000254090"
"410","Hsd17b11","D6RCD0",NA,NA,"9606.ENSP00000351035"
"411","Hsd17b6","B2R8L8",NA,NA,"9606.ENSP00000451406"
"412","Lman1","B2R774",NA,NA,"9606.ENSP00000251047"
"413","Lpcat3","B2RDH0",NA,NA,"9606.ENSP00000261407"
"414","Maob","B2R6R3",NA,NA,"9606.ENSP00000367309"
"415","Mgst1","A8K533",NA,NA,"9606.ENSP00000379512"
"416","Mlec","F5H1S8",NA,NA,"9606.ENSP00000228506"
"417","Por","P16435",NA,NA,"9606.ENSP00000419970"
"419","Ppib","A0A7P0TB45",NA,NA,"9606.ENSP00000300026"
"420","Sec11a","P0C7V7",NA,NA,"9606.ENSP00000452697"
"421","Sec61b","P38390",NA,NA,"9606.ENSP00000223641"
"422","Slc27a2","Q53GS2",NA,NA,"9606.ENSP00000267842"
"423","Slc27a5","Q9Y2P5",NA,NA,"9606.ENSP00000263093"
"424","Soat2","F5H7W4",NA,NA,"9606.ENSP00000301466"
"425","Ssr1","C9JBX5",NA,NA,"9606.ENSP00000244763"
"426","Tmco1","B2REA0",NA,NA,"9606.ENSP00000480514"
"427","Tmem11","P17152",NA,NA,"9606.ENSP00000319992"
"428","Tram1","Q6FHU7",NA,NA,"9606.ENSP00000262213"
"429","Acin1","E7EQT4",NA,NA,"9606.ENSP00000262710"
"430","Fbl","B4DLD4",NA,NA,"9606.ENSP00000221801"
"431","Fbll1","A6NHQ2",NA,NA,"9606.ENSP00000473383"
"432","Gpx4","K7EJ20",NA,NA,"9606.ENSP00000346103"
"433","H3f3b","P0DPK2",NA,NA,"9606.ENSP00000254810"
"434","Lbr","B2R5P3",NA,NA,"9606.ENSP00000339883"
"435","Mex3a","A1L020",NA,NA,"9606.ENSP00000432845"
"436","Acox3","B2R856",NA,NA,"9606.ENSP00000348775"
"437","Cat","A0A384P5Q0",NA,NA,"9606.ENSP00000241052"
"438","Dhrs4","Q9BTZ2",NA,NA,"9606.ENSP00000326219"
"439","Ehhadh","Q08426",NA,NA,"9606.ENSP00000231887"
"441","Prdx1","A0A384NPQ2",NA,NA,"9606.ENSP00000262746"
"442","Pxmp2","Q9NR77",NA,NA,"9606.ENSP00000321271"
"443","ACTA1","A8K3K1",NA,"OMB No. 0704-0188, W81XWH-08-1-0139","9606.ENSP00000355645"
"10","ACTB","P02570",NA,"OMB No. 0704-0188, W81XWH-08-1-0139","9606.ENSP00000349960"
"444","ACTG1","A8K7C2",NA,"OMB No. 0704-0188, W81XWH-08-1-0139","9606.ENSP00000458162"
"341","ACTN1","A0A024R694",NA,"OMB No. 0704-0188, W81XWH-08-1-0139","9606.ENSP00000377941"
"445","ACTN4","A0A8V8TL71",NA,"OMB No. 0704-0188, W81XWH-08-1-0139","9606.ENSP00000252699"
"446","ADAM10","B4DU28",NA,"OMB No. 0704-0188, W81XWH-08-1-0139","9606.ENSP00000260408"
"447","ADAM17","Q53RS1",NA,"OMB No. 0704-0188, W81XWH-08-1-0139","9606.ENSP00000309968"
"448","ADAR","A0AAQ5BGJ4",NA,"OMB No. 0704-0188, W81XWH-08-1-0139","9606.ENSP00000357459"
"449","AGRN","A0A087X208",NA,"OMB No. 0704-0188, W81XWH-08-1-0139","9606.ENSP00000368678"
"450","ALDH3B1","A3FMP9",NA,"OMB No. 0704-0188, W81XWH-08-1-0139","9606.ENSP00000473990"
"451","AMBP","P00977",NA,"OMB No. 0704-0188, W81XWH-08-1-0139","9606.ENSP00000265132"
"452","ANTXR1","H0YC24",NA,"OMB No. 0704-0188, W81XWH-08-1-0139","9606.ENSP00000301945"
"453","AP2A2","B7Z5S9",NA,"OMB No. 0704-0188, W81XWH-08-1-0139","9606.ENSP00000327694"
"454","APEX1","G3V3M6",NA,"OMB No. 0704-0188, W81XWH-08-1-0139","9606.ENSP00000216714"
"345","ARG1","A0A5F9ZGN6",NA,"OMB No. 0704-0188, W81XWH-08-1-0139","9606.ENSP00000349446"
"455","ASPH","Q12797",NA,"OMB No. 0704-0188, W81XWH-08-1-0139","9606.ENSP00000368767"
"16","ATP1A1","B2RBR6",NA,"OMB No. 0704-0188, W81XWH-08-1-0139","9606.ENSP00000445306"
"456","ATXN2","F8VQP2",NA,"OMB No. 0704-0188, W81XWH-08-1-0139","9606.ENSP00000366843"
"457","ATXN2L","H3BUF6",NA,"OMB No. 0704-0188, W81XWH-08-1-0139","9606.ENSP00000378917"
"458","BAG2","B3KM36",NA,"OMB No. 0704-0188, W81XWH-08-1-0139","9606.ENSP00000359727"
"459","BCAM","A0A087WXM8",NA,"OMB No. 0704-0188, W81XWH-08-1-0139","9606.ENSP00000270233"
"460","BLMH","B2R796",NA,"OMB No. 0704-0188, W81XWH-08-1-0139","9606.ENSP00000261714"
"461","BUB3","A0A140VJF3",NA,"OMB No. 0704-0188, W81XWH-08-1-0139","9606.ENSP00000357858"
"28","CANX","A0A7P0T840",NA,"OMB No. 0704-0188, W81XWH-08-1-0139","9606.ENSP00000247461"
"462","CAPRIN1","A6NMY7",NA,"OMB No. 0704-0188, W81XWH-08-1-0139","9606.ENSP00000340329"
"350","CAPZA2","A4D0V4",NA,"OMB No. 0704-0188, W81XWH-08-1-0139","9606.ENSP00000354947"
"463","CAPZB","B2R7T8",NA,"OMB No. 0704-0188, W81XWH-08-1-0139","9606.ENSP00000401010"
"464","CASK","B7ZKY2",NA,"OMB No. 0704-0188, W81XWH-08-1-0139","9606.ENSP00000367408"
"465","CAV2","P51636",NA,"OMB No. 0704-0188, W81XWH-08-1-0139","9606.ENSP00000222693"
"466","CCDC69","A6NI79",NA,"OMB No. 0704-0188, W81XWH-08-1-0139","9606.ENSP00000347586"
"467","CCNY","B2RBH6",NA,"OMB No. 0704-0188, W81XWH-08-1-0139","9606.ENSP00000363836"
"468","CCT2","B7Z4R3",NA,"OMB No. 0704-0188, W81XWH-08-1-0139","9606.ENSP00000299300"
"110","CCT5","B4DX08",NA,"OMB No. 0704-0188, W81XWH-08-1-0139","9606.ENSP00000280326"
"114","CCT6A","B2R9K8",NA,"OMB No. 0704-0188, W81XWH-08-1-0139","9606.ENSP00000275603"
"112","CCT8","Q53HU0",NA,"OMB No. 0704-0188, W81XWH-08-1-0139","9606.ENSP00000286788"
"469","CD44","A5YRN9",NA,"OMB No. 0704-0188, W81XWH-08-1-0139","9606.ENSP00000398632"
"470","CD55","A0A172WBW8",NA,"OMB No. 0704-0188, W81XWH-08-1-0139","9606.ENSP00000356030"
"471","CD63","F8VZE2",NA,"OMB No. 0704-0188, W81XWH-08-1-0139","9606.ENSP00000447730"
"472","CD81","E9PJK1",NA,"OMB No. 0704-0188, W81XWH-08-1-0139","9606.ENSP00000263645"
"473","CD9","A6NNI4",NA,"OMB No. 0704-0188, W81XWH-08-1-0139","9606.ENSP00000371958"
"474","CDCP1","Q49UB4",NA,"OMB No. 0704-0188, W81XWH-08-1-0139","9606.ENSP00000296129"
"475","CDK7","D6RAD4",NA,"OMB No. 0704-0188, W81XWH-08-1-0139","9606.ENSP00000256443"
"476","CFL1","B3KUQ1",NA,"OMB No. 0704-0188, W81XWH-08-1-0139","9606.ENSP00000432660"
"477","CFL2","Q9Y281",NA,"OMB No. 0704-0188, W81XWH-08-1-0139","9606.ENSP00000298159"
"135","CKAP4","B3KVX6",NA,"OMB No. 0704-0188, W81XWH-08-1-0139","9606.ENSP00000367265"
"478","CLDN23","Q08AJ3",NA,"OMB No. 0704-0188, W81XWH-08-1-0139","9606.ENSP00000428780"
"479","CLDN3","O15551",NA,"OMB No. 0704-0188, W81XWH-08-1-0139","9606.ENSP00000378577"
"480","CLDND1","B3KQR1",NA,"OMB No. 0704-0188, W81XWH-08-1-0139","9606.ENSP00000421226"
"40","CLTC","A0A087WVQ6",NA,"OMB No. 0704-0188, W81XWH-08-1-0139","9606.ENSP00000479606"
"481","CNOT1","A5YKK6",NA,"OMB No. 0704-0188, W81XWH-08-1-0139","9606.ENSP00000320949"
"482","CNOT7","Q96IQ6",NA,"OMB No. 0704-0188, W81XWH-08-1-0139","9606.ENSP00000355279"
"483","CORO1C","B3KN06",NA,"OMB No. 0704-0188, W81XWH-08-1-0139","9606.ENSP00000394496"
"484","CPM","B2R800",NA,"OMB No. 0704-0188, W81XWH-08-1-0139","9606.ENSP00000448517"
"485","CSNK1G1","A0A0U1RQY7",NA,"OMB No. 0704-0188, W81XWH-08-1-0139","9606.ENSP00000305777"
"486","CSNK1G2","B5BU42",NA,"OMB No. 0704-0188, W81XWH-08-1-0139","9606.ENSP00000255641"
"487","CSNK1G3","Q9Y6M4",NA,"OMB No. 0704-0188, W81XWH-08-1-0139","9606.ENSP00000353904"
"488","CTDSP1","H7C270",NA,"OMB No. 0704-0188, W81XWH-08-1-0139","9606.ENSP00000273062"
"355","CTNNA1","B4E2G8",NA,"OMB No. 0704-0188, W81XWH-08-1-0139","9606.ENSP00000304669"
"489","CTNND1","A8K939",NA,"OMB No. 0704-0188, W81XWH-08-1-0139","9606.ENSP00000382004"
"490","DBN1","A0A2Z6ATB6",NA,"OMB No. 0704-0188, W81XWH-08-1-0139","9606.ENSP00000292385"
"491","DCD","P81605",NA,"OMB No. 0704-0188, W81XWH-08-1-0139","9606.ENSP00000406773"
"492","DCUN1D3","B3KVY4",NA,"OMB No. 0704-0188, W81XWH-08-1-0139","9606.ENSP00000319482"
"129","DDOST","A0A0C4DGS1",NA,"OMB No. 0704-0188, W81XWH-08-1-0139","9606.ENSP00000399457"
"493","DDX1","A0A7I2V4F0",NA,"OMB No. 0704-0188, W81XWH-08-1-0139","9606.ENSP00000370745"
"494","DDX17","A0A1X7SBZ2",NA,"OMB No. 0704-0188, W81XWH-08-1-0139","9606.ENSP00000380033"
"495","DDX3X","A0A2R8YFS5",NA,"OMB No. 0704-0188, W81XWH-08-1-0139","9606.ENSP00000382840"
"496","DDX5","B4DLW8",NA,"OMB No. 0704-0188, W81XWH-08-1-0139","9606.ENSP00000225792"
"497","DDX6","B2R858",NA,"OMB No. 0704-0188, W81XWH-08-1-0139","9606.ENSP00000478754"
"268","DECR1","Q16698",NA,"OMB No. 0704-0188, W81XWH-08-1-0139","9606.ENSP00000220764"
"498","DHX15","B4E0S6",NA,"OMB No. 0704-0188, W81XWH-08-1-0139","9606.ENSP00000336741"
"499","DHX36","B7Z8P5",NA,"OMB No. 0704-0188, W81XWH-08-1-0139","9606.ENSP00000417078"
"500","DHX9","B2RNV4",NA,"OMB No. 0704-0188, W81XWH-08-1-0139","9606.ENSP00000356520"
"501","DLAT","A0A7P0Z4G4",NA,"OMB No. 0704-0188, W81XWH-08-1-0139","9606.ENSP00000280346"
"502","DLST","B7Z6J1",NA,"OMB No. 0704-0188, W81XWH-08-1-0139","9606.ENSP00000335304"
"503","DNAJA1","B7Z5C0",NA,"OMB No. 0704-0188, W81XWH-08-1-0139","9606.ENSP00000369127"
"100","DNAJA2","B2R7L7",NA,"OMB No. 0704-0188, W81XWH-08-1-0139","9606.ENSP00000314030"
"504","DNAJB14","Q6UXN1",NA,"OMB No. 0704-0188, W81XWH-08-1-0139","9606.ENSP00000404381"
"505","DNMT1","Q59FP7",NA,"OMB No. 0704-0188, W81XWH-08-1-0139","9606.ENSP00000352516"
"506","DSG1","B7Z845",NA,"OMB No. 0704-0188, W81XWH-08-1-0139","9606.ENSP00000257192"
"356","DSP","Q4LE79",NA,"OMB No. 0704-0188, W81XWH-08-1-0139","9606.ENSP00000369129"
"507","EDC4","A0A8B0RAT7",NA,"OMB No. 0704-0188, W81XWH-08-1-0139","9606.ENSP00000351811"
"508","EDIL3","O43854",NA,"OMB No. 0704-0188, W81XWH-08-1-0139","9606.ENSP00000296591"
"509","EEF1A1","A8K9C4",NA,"OMB No. 0704-0188, W81XWH-08-1-0139","9606.ENSP00000339063"
"510","EEF1A2","A0A9L9PXK0",NA,"OMB No. 0704-0188, W81XWH-08-1-0139","9606.ENSP00000217182"
"511","EEF1D","B2RAR6",NA,"OMB No. 0704-0188, W81XWH-08-1-0139","9606.ENSP00000410059"
"512","EEF1G","B4DTG2",NA,"OMB No. 0704-0188, W81XWH-08-1-0139","9606.ENSP00000331901"
"513","EEF2","A0A384N6H1",NA,"OMB No. 0704-0188, W81XWH-08-1-0139","9606.ENSP00000307940"
"514","EEPD1","Q7L9B9",NA,"OMB No. 0704-0188, W81XWH-08-1-0139","9606.ENSP00000242108"
"515","EFR3A","A0A1B0GUZ7",NA,"OMB No. 0704-0188, W81XWH-08-1-0139","9606.ENSP00000254624"
"516","EFTUD2","A8KAP3",NA,"OMB No. 0704-0188, W81XWH-08-1-0139","9606.ENSP00000392094"
"517","EIF2A","Q9BY44",NA,"OMB No. 0704-0188, W81XWH-08-1-0139","9606.ENSP00000417229"
"126","EIF2S1","G3V4T5",NA,"OMB No. 0704-0188, W81XWH-08-1-0139","9606.ENSP00000256383"
"518","EIF2S3","A0A024RBY4",NA,"OMB No. 0704-0188, W81XWH-08-1-0139","9606.ENSP00000253039"
"519","EIF3B","A4D208",NA,"OMB No. 0704-0188, W81XWH-08-1-0139","9606.ENSP00000354125"
"520","EIF3D","A8MWD3",NA,"OMB No. 0704-0188, W81XWH-08-1-0139","9606.ENSP00000216190"
"521","EIF3F","A8K0S2",NA,"OMB No. 0704-0188, W81XWH-08-1-0139","9606.ENSP00000431800"
"522","EIF3G","A8K5K5",NA,"OMB No. 0704-0188, W81XWH-08-1-0139","9606.ENSP00000253108"
"523","EIF3H","O15372",NA,"OMB No. 0704-0188, W81XWH-08-1-0139","9606.ENSP00000429931"
"524","EIF3I","A0A7I2YQI2",NA,"OMB No. 0704-0188, W81XWH-08-1-0139","9606.ENSP00000362688"
"525","EIF3K","B4DVD7",NA,"OMB No. 0704-0188, W81XWH-08-1-0139","9606.ENSP00000248342"
"526","EIF4A1","J3KT12",NA,"OMB No. 0704-0188, W81XWH-08-1-0139","9606.ENSP00000293831"
"527","EIF4A3","I3L3H2",NA,"OMB No. 0704-0188, W81XWH-08-1-0139","9606.ENSP00000269349"
"528","EIF5A2","B2R4V5",NA,"OMB No. 0704-0188, W81XWH-08-1-0139","9606.ENSP00000295822"
"529","EIF6","B7ZBG9",NA,"OMB No. 0704-0188, W81XWH-08-1-0139","9606.ENSP00000363574"
"530","ELAVL1","B4DVB8",NA,"OMB No. 0704-0188, W81XWH-08-1-0139","9606.ENSP00000385269"
"531","ENO1","E2DRY6",NA,"OMB No. 0704-0188, W81XWH-08-1-0139","9606.ENSP00000234590"
"532","EPHA2","B5A968",NA,"OMB No. 0704-0188, W81XWH-08-1-0139","9606.ENSP00000351209"
"533","EXOSC2","A0A8I5KVY3",NA,"OMB No. 0704-0188, W81XWH-08-1-0139","9606.ENSP00000361433"
"534","EXOSC4","Q9NPD3",NA,"OMB No. 0704-0188, W81XWH-08-1-0139","9606.ENSP00000315476"
"535","EXOSC6","Q5RKV6",NA,"OMB No. 0704-0188, W81XWH-08-1-0139","9606.ENSP00000398597"
"536","FAM120A","Q9NZB2",NA,"OMB No. 0704-0188, W81XWH-08-1-0139","9606.ENSP00000277165"
"537","FARSB","A8K666",NA,"OMB No. 0704-0188, W81XWH-08-1-0139","9606.ENSP00000281828"
"95","FASN","A0A0U1RQF0",NA,"OMB No. 0704-0188, W81XWH-08-1-0139","9606.ENSP00000304592"
"538","FLG2","Q5D862",NA,"OMB No. 0704-0188, W81XWH-08-1-0139","9606.ENSP00000373370"
"539","FLNA","E9KL45",NA,"OMB No. 0704-0188, W81XWH-08-1-0139","9606.ENSP00000358866"
"540","FLNB","A0A804HK76",NA,"OMB No. 0704-0188, W81XWH-08-1-0139","9606.ENSP00000420213"
"541","FLNC","A0AAQ5BHM3",NA,"OMB No. 0704-0188, W81XWH-08-1-0139","9606.ENSP00000327145"
"542","FNDC3B","B2RB36",NA,"OMB No. 0704-0188, W81XWH-08-1-0139","9606.ENSP00000338523"
"543","FXR1","B4DM21",NA,"OMB No. 0704-0188, W81XWH-08-1-0139","9606.ENSP00000350170"
"544","FXR2","A0A994J7P9",NA,"OMB No. 0704-0188, W81XWH-08-1-0139","9606.ENSP00000250113"
"545","G3BP1","Q13283",NA,"OMB No. 0704-0188, W81XWH-08-1-0139","9606.ENSP00000377681"
"273","GLUD1","B4E0N9",NA,"OMB No. 0704-0188, W81XWH-08-1-0139","9606.ENSP00000277865"
"198","GNA11","O15109",NA,"OMB No. 0704-0188, W81XWH-08-1-0139","9606.ENSP00000078429"
"200","GNA13","B4DWV9",NA,"OMB No. 0704-0188, W81XWH-08-1-0139","9606.ENSP00000400717"
"546","GNAQ","A0A024R240",NA,"OMB No. 0704-0188, W81XWH-08-1-0139","9606.ENSP00000286548"
"203","GNAS","A0A0S2Z3H8",NA,"OMB No. 0704-0188, W81XWH-08-1-0139","9606.ENSP00000360141"
"20","GNB1","B3KVK2",NA,"OMB No. 0704-0188, W81XWH-08-1-0139","9606.ENSP00000481878"
"44","GNB2","B3KPU1",NA,"OMB No. 0704-0188, W81XWH-08-1-0139","9606.ENSP00000305260"
"547","GOLGA7","A0A8Q3WLM5",NA,"OMB No. 0704-0188, W81XWH-08-1-0139","9606.ENSP00000350378"
"548","GPRC5A","A8K556",NA,"OMB No. 0704-0188, W81XWH-08-1-0139","9606.ENSP00000014914"
"549","GRWD1","A0MNN5",NA,"OMB No. 0704-0188, W81XWH-08-1-0139","9606.ENSP00000253237"
"276","HADHA","B2R7L4",NA,"OMB No. 0704-0188, W81XWH-08-1-0139","9606.ENSP00000370023"
"550","HADHB","B2RB16",NA,"OMB No. 0704-0188, W81XWH-08-1-0139","9606.ENSP00000325136"
"551","HBB","A0A481SHK9",NA,"OMB No. 0704-0188, W81XWH-08-1-0139","9606.ENSP00000333994"
"552","HDLBP","B2R5V9",NA,"OMB No. 0704-0188, W81XWH-08-1-0139","9606.ENSP00000375836"
"553","HLA-B","A0A0B7MB31",NA,"OMB No. 0704-0188, W81XWH-08-1-0139","9606.ENSP00000399168"
"554","HLA-C","A0A090KFT5",NA,"OMB No. 0704-0188, W81XWH-08-1-0139","9606.ENSP00000365402"
"555","HNRNPA0","A0ABB0MN55",NA,"OMB No. 0704-0188, W81XWH-08-1-0139","9606.ENSP00000316042"
"556","HNRNPA1","A0A024RB53",NA,"OMB No. 0704-0188, W81XWH-08-1-0139","9606.ENSP00000341826"
"557","HNRNPA2B1","A0A384NL58",NA,"OMB No. 0704-0188, W81XWH-08-1-0139","9606.ENSP00000346694"
"558","HNRNPL","M0QXS5",NA,"OMB No. 0704-0188, W81XWH-08-1-0139","9606.ENSP00000221419"
"559","HNRNPR","A0A6Q8PEX7",NA,"OMB No. 0704-0188, W81XWH-08-1-0139","9606.ENSP00000363745"
"560","HRNR","Q5DT20",NA,"OMB No. 0704-0188, W81XWH-08-1-0139","9606.ENSP00000357791"
"561","HSP90AA1","P07900",NA,"OMB No. 0704-0188, W81XWH-08-1-0139","9606.ENSP00000335153"
"104","HSP90AB1","B2R5P0",NA,"OMB No. 0704-0188, W81XWH-08-1-0139","9606.ENSP00000360609"
"562","HSPA1A","A0A0G2JIW1",NA,"OMB No. 0704-0188, W81XWH-08-1-0139","9606.ENSP00000364802"
"563","HSPA1L","A0A1U9X7W7",NA,"OMB No. 0704-0188, W81XWH-08-1-0139","9606.ENSP00000364805"
"26","HSPA5","A0A7P0TB36",NA,"OMB No. 0704-0188, W81XWH-08-1-0139","9606.ENSP00000324173"
"107","HSPA9","A0A384P5G6",NA,"OMB No. 0704-0188, W81XWH-08-1-0139","9606.ENSP00000297185"
"564","HSPG2","P98160",NA,"OMB No. 0704-0188, W81XWH-08-1-0139","9606.ENSP00000363827"
"565","IGF2R","P11717",NA,"OMB No. 0704-0188, W81XWH-08-1-0139","9606.ENSP00000349437"
"566","ILF2","B4DY09",NA,"OMB No. 0704-0188, W81XWH-08-1-0139","9606.ENSP00000355011"
"567","ILF3","A8K590",NA,"OMB No. 0704-0188, W81XWH-08-1-0139","9606.ENSP00000404121"
"568","IMPDH2","A0A384N6C2",NA,"OMB No. 0704-0188, W81XWH-08-1-0139","9606.ENSP00000321584"
"569","INPP5A","Q9C055",NA,"OMB No. 0704-0188, W81XWH-08-1-0139","9606.ENSP00000357583"
"570","ITGA3","A0A140VJM0",NA,"OMB No. 0704-0188, W81XWH-08-1-0139","9606.ENSP00000007722"
"571","ITM2B","A0A384MDP7",NA,"OMB No. 0704-0188, W81XWH-08-1-0139","9606.ENSP00000367828"
"572","ITM2C","Q9NQX7",NA,"OMB No. 0704-0188, W81XWH-08-1-0139","9606.ENSP00000322730"
"573","JUP","A0A0S2Z487",NA,"OMB No. 0704-0188, W81XWH-08-1-0139","9606.ENSP00000377508"
"574","KPNB1","B7Z752",NA,"OMB No. 0704-0188, W81XWH-08-1-0139","9606.ENSP00000290158"
"575","KTN1","B4DZ88",NA,"OMB No. 0704-0188, W81XWH-08-1-0139","9606.ENSP00000378725"
"282","LACTB","P83111",NA,"OMB No. 0704-0188, W81XWH-08-1-0139","9606.ENSP00000261893"
"576","LAMA5","O15230",NA,"OMB No. 0704-0188, W81XWH-08-1-0139","9606.ENSP00000252999"
"577","LAMB2","P55268",NA,"OMB No. 0704-0188, W81XWH-08-1-0139","9606.ENSP00000388325"
"578","LAMC1","P11047",NA,"OMB No. 0704-0188, W81XWH-08-1-0139","9606.ENSP00000258341"
"579","LAPTM4A","D6W522",NA,"OMB No. 0704-0188, W81XWH-08-1-0139","9606.ENSP00000175091"
"580","LARP4","Q6P4E2",NA,"OMB No. 0704-0188, W81XWH-08-1-0139","9606.ENSP00000381490"
"581","LAT2","A6NFK6",NA,"OMB No. 0704-0188, W81XWH-08-1-0139","9606.ENSP00000420494"
"582","LGALS1","A0A384MR27",NA,"OMB No. 0704-0188, W81XWH-08-1-0139","9606.ENSP00000215909"
"583","LIMA1","Q53GG0",NA,"OMB No. 0704-0188, W81XWH-08-1-0139","9606.ENSP00000378400"
"584","LMNA","P02545",NA,"OMB No. 0704-0188, W81XWH-08-1-0139","9606.ENSP00000357283"
"585","LRP10","H0YHW7",NA,"OMB No. 0704-0188, W81XWH-08-1-0139","9606.ENSP00000352601"
"586","LRRC1","A8K883",NA,"OMB No. 0704-0188, W81XWH-08-1-0139","9606.ENSP00000359925"
"587","LRRC47","Q8N1G4",NA,"OMB No. 0704-0188, W81XWH-08-1-0139","9606.ENSP00000367498"
"383","LRRC59","B2RE83",NA,"OMB No. 0704-0188, W81XWH-08-1-0139","9606.ENSP00000225972"
"588","LSM12","K7ELG9",NA,"OMB No. 0704-0188, W81XWH-08-1-0139","9606.ENSP00000466718"
"589","LSR","A0A8Z5DL71",NA,"OMB No. 0704-0188, W81XWH-08-1-0139","9606.ENSP00000480821"
"207","LYN","A8K379",NA,"OMB No. 0704-0188, W81XWH-08-1-0139","9606.ENSP00000428924"
"590","M6PR","F5GX30",NA,"OMB No. 0704-0188, W81XWH-08-1-0139","9606.ENSP00000000412"
"591","MATR3","A0A0R4J2E8",NA,"OMB No. 0704-0188, W81XWH-08-1-0139","9606.ENSP00000354346"
"592","MCM2","B7Z8Z6",NA,"OMB No. 0704-0188, W81XWH-08-1-0139","9606.ENSP00000265056"
"593","MED17","A0A384NYG5",NA,"OMB No. 0704-0188, W81XWH-08-1-0139","9606.ENSP00000251871"
"594","METAP1","B4E2E6",NA,"OMB No. 0704-0188, W81XWH-08-1-0139","9606.ENSP00000296411"
"595","MFGE8","B3KTQ2",NA,"OMB No. 0704-0188, W81XWH-08-1-0139","9606.ENSP00000268150"
"596","MKI67","P46013",NA,"OMB No. 0704-0188, W81XWH-08-1-0139","9606.ENSP00000357643"
"597","MTDH","E5RJU9",NA,"OMB No. 0704-0188, W81XWH-08-1-0139","9606.ENSP00000338235"
"598","MUC1","A5YRU8",NA,"OMB No. 0704-0188, W81XWH-08-1-0139","9606.ENSP00000484824"
"212","MYADM","B2RE58",NA,"OMB No. 0704-0188, W81XWH-08-1-0139","9606.ENSP00000375649"
"29","MYH9","A0A8I5KWT8",NA,"OMB No. 0704-0188, W81XWH-08-1-0139","9606.ENSP00000216181"
"599","MYO1C","B7Z3E5",NA,"OMB No. 0704-0188, W81XWH-08-1-0139","9606.ENSP00000352834"
"600","NACA","A0A7I2V2K5",NA,"OMB No. 0704-0188, W81XWH-08-1-0139","9606.ENSP00000448035"
"601","NCSTN","A0A8V8TNI3",NA,"OMB No. 0704-0188, W81XWH-08-1-0139","9606.ENSP00000294785"
"602","NDFIP1","B2RDB8",NA,"OMB No. 0704-0188, W81XWH-08-1-0139","9606.ENSP00000253814"
"603","NONO","A0A0S2Z4Z9",NA,"OMB No. 0704-0188, W81XWH-08-1-0139","9606.ENSP00000276079"
"604","NPM1","A0A140VJQ2",NA,"OMB No. 0704-0188, W81XWH-08-1-0139","9606.ENSP00000296930"
"605","NRAS","A0A024R0K0",NA,"OMB No. 0704-0188, W81XWH-08-1-0139","9606.ENSP00000358548"
"606","NRP1","Q5T7F0",NA,"OMB No. 0704-0188, W81XWH-08-1-0139","9606.ENSP00000265371"
"217","NT5E","B2RBH2",NA,"OMB No. 0704-0188, W81XWH-08-1-0139","9606.ENSP00000257770"
"607","NUP43","B3KTT0",NA,"OMB No. 0704-0188, W81XWH-08-1-0139","9606.ENSP00000342262"
"608","OSMR","Q99650",NA,"OMB No. 0704-0188, W81XWH-08-1-0139","9606.ENSP00000274276"
"609","PA2G4","A8K6Y1",NA,"OMB No. 0704-0188, W81XWH-08-1-0139","9606.ENSP00000302886"
"610","PABPC1","B3KT93",NA,"OMB No. 0704-0188, W81XWH-08-1-0139","9606.ENSP00000313007"
"611","PABPC4","Q6IQ30",NA,"OMB No. 0704-0188, W81XWH-08-1-0139","9606.ENSP00000361949"
"612","PACSIN3","A0A0C4DGG1",NA,"OMB No. 0704-0188, W81XWH-08-1-0139","9606.ENSP00000440945"
"613","PALM","B2RCL4",NA,"OMB No. 0704-0188, W81XWH-08-1-0139","9606.ENSP00000341911"
"614","PARP1","B1ANJ4",NA,"OMB No. 0704-0188, W81XWH-08-1-0139","9606.ENSP00000355759"
"615","PCBP1","Q13157",NA,"OMB No. 0704-0188, W81XWH-08-1-0139","9606.ENSP00000305556"
"105","PDIA3","A0A8I5KT88",NA,"OMB No. 0704-0188, W81XWH-08-1-0139","9606.ENSP00000300289"
"373","PDIA6","Q15084",NA,"OMB No. 0704-0188, W81XWH-08-1-0139","9606.ENSP00000385385"
"616","PERP","B2RB73",NA,"OMB No. 0704-0188, W81XWH-08-1-0139","9606.ENSP00000397157"
"617","PI4K2A","D3DR59",NA,"OMB No. 0704-0188, W81XWH-08-1-0139","9606.ENSP00000359665"
"618","PLCB3","A5PKZ6",NA,"OMB No. 0704-0188, W81XWH-08-1-0139","9606.ENSP00000443631"
"619","PLD1","Q59EA4",NA,"OMB No. 0704-0188, W81XWH-08-1-0139","9606.ENSP00000342793"
"620","PLOD3","B2R6W6",NA,"OMB No. 0704-0188, W81XWH-08-1-0139","9606.ENSP00000223127"
"621","PLSCR1","C9J7K9",NA,"OMB No. 0704-0188, W81XWH-08-1-0139","9606.ENSP00000345494"
"622","POLR1A","B7Z7T0",NA,"OMB No. 0704-0188, W81XWH-08-1-0139","9606.ENSP00000263857"
"623","PPIA","P62937",NA,"OMB No. 0704-0188, W81XWH-08-1-0139","9606.ENSP00000419425"
"418","PPIB","A0A7P0TB45",NA,"OMB No. 0704-0188, W81XWH-08-1-0139","9606.ENSP00000300026"
"624","PPP1CA","A0A140VJS9",NA,"OMB No. 0704-0188, W81XWH-08-1-0139","9606.ENSP00000326031"
"625","PPP1CB","A0A8V8TQ71",NA,"OMB No. 0704-0188, W81XWH-08-1-0139","9606.ENSP00000378769"
"626","PPP1CC","Q9UPN1",NA,"OMB No. 0704-0188, W81XWH-08-1-0139","9606.ENSP00000341779"
"627","PPP2CA","A0A8V8TQA1",NA,"OMB No. 0704-0188, W81XWH-08-1-0139","9606.ENSP00000418447"
"440","PRDX1","A0A384NPQ2",NA,"OMB No. 0704-0188, W81XWH-08-1-0139","9606.ENSP00000262746"
"628","PRDX2","A8K0C0",NA,"OMB No. 0704-0188, W81XWH-08-1-0139","9606.ENSP00000301522"
"629","PRDX3","P30048",NA,"OMB No. 0704-0188, W81XWH-08-1-0139","9606.ENSP00000298510"
"630","PROCR","B2RC04",NA,"OMB No. 0704-0188, W81XWH-08-1-0139","9606.ENSP00000216968"
"631","PRPF19","Q9UMS4",NA,"OMB No. 0704-0188, W81XWH-08-1-0139","9606.ENSP00000227524"
"632","PRPF4","B2R7V4",NA,"OMB No. 0704-0188, W81XWH-08-1-0139","9606.ENSP00000363313"
"633","PSPC1","B4DWI8",NA,"OMB No. 0704-0188, W81XWH-08-1-0139","9606.ENSP00000343966"
"634","PTBP1","A0A0U1RRM4",NA,"OMB No. 0704-0188, W81XWH-08-1-0139","9606.ENSP00000349428"
"635","PTGFRN","Q4QQP8",NA,"OMB No. 0704-0188, W81XWH-08-1-0139","9606.ENSP00000376899"
"636","PTTG1IP","B4DDS6",NA,"OMB No. 0704-0188, W81XWH-08-1-0139","9606.ENSP00000328325"
"637","PURA","Q00577",NA,"OMB No. 0704-0188, W81XWH-08-1-0139","9606.ENSP00000332706"
"638","PVR","B4DTS9",NA,"OMB No. 0704-0188, W81XWH-08-1-0139","9606.ENSP00000402060"
"639","RAE1","A8K882",NA,"OMB No. 0704-0188, W81XWH-08-1-0139","9606.ENSP00000379182"
"640","RALB","B4E040",NA,"OMB No. 0704-0188, W81XWH-08-1-0139","9606.ENSP00000272519"
"641","RELL1","Q8IUW5",NA,"OMB No. 0704-0188, W81XWH-08-1-0139","9606.ENSP00000398778"
"642","RFC4","B4DM41",NA,"OMB No. 0704-0188, W81XWH-08-1-0139","9606.ENSP00000376272"
"643","RGS17","Q5TF49",NA,"OMB No. 0704-0188, W81XWH-08-1-0139","9606.ENSP00000356194"
"644","RGS19","A8K216",NA,"OMB No. 0704-0188, W81XWH-08-1-0139","9606.ENSP00000378483"
"645","RGS20","O76081",NA,"OMB No. 0704-0188, W81XWH-08-1-0139","9606.ENSP00000297313"
"646","RP2","A0A1B2JLU2",NA,"OMB No. 0704-0188, W81XWH-08-1-0139","9606.ENSP00000218340"
"647","RPA1","A8K0Y9",NA,"OMB No. 0704-0188, W81XWH-08-1-0139","9606.ENSP00000254719"
"648","RPL10A","B2R801",NA,"OMB No. 0704-0188, W81XWH-08-1-0139","9606.ENSP00000363018"
"649","RPL11","P25121",NA,"OMB No. 0704-0188, W81XWH-08-1-0139","9606.ENSP00000363676"
"650","RPL12","P30050",NA,"OMB No. 0704-0188, W81XWH-08-1-0139","9606.ENSP00000354739"
"390","RPL3","B2RDV9",NA,"OMB No. 0704-0188, W81XWH-08-1-0139","9606.ENSP00000346001"
"651","RPL30","B2R591",NA,"OMB No. 0704-0188, W81XWH-08-1-0139","9606.ENSP00000428085"
"652","RPL5","A2RUM7",NA,"OMB No. 0704-0188, W81XWH-08-1-0139","9606.ENSP00000359345"
"653","RPL9","A0A024R9U2",NA,"OMB No. 0704-0188, W81XWH-08-1-0139","9606.ENSP00000400467"
"654","RPLP0","A8K4Z4",NA,"OMB No. 0704-0188, W81XWH-08-1-0139","9606.ENSP00000449328"
"655","RPS12","P25398",NA,"OMB No. 0704-0188, W81XWH-08-1-0139","9606.ENSP00000230050"
"656","RPS15A","A8K7H3",NA,"OMB No. 0704-0188, W81XWH-08-1-0139","9606.ENSP00000318646"
"657","RPS16","B2RDD5",NA,"OMB No. 0704-0188, W81XWH-08-1-0139","9606.ENSP00000251453"
"658","RPS17","B2R4U4",NA,"OMB No. 0704-0188, W81XWH-08-1-0139","9606.ENSP00000346046"
"659","RPS2","B2R5G0",NA,"OMB No. 0704-0188, W81XWH-08-1-0139","9606.ENSP00000341885"
"660","RPS20","B2R4F4",NA,"OMB No. 0704-0188, W81XWH-08-1-0139","9606.ENSP00000429374"
"661","RPS21","P35265",NA,"OMB No. 0704-0188, W81XWH-08-1-0139","9606.ENSP00000345957"
"662","RPS27A","B2RDW1",NA,"OMB No. 0704-0188, W81XWH-08-1-0139","9606.ENSP00000272317"
"663","RPS3","B2R7N5",NA,"OMB No. 0704-0188, W81XWH-08-1-0139","9606.ENSP00000278572"
"664","RPS3A","A8K4W0",NA,"OMB No. 0704-0188, W81XWH-08-1-0139","9606.ENSP00000346050"
"396","RPS5","B2R4T2",NA,"OMB No. 0704-0188, W81XWH-08-1-0139","9606.ENSP00000472985"
"399","RPS8","A0AAG2TTP8",NA,"OMB No. 0704-0188, W81XWH-08-1-0139","9606.ENSP00000379888"
"665","RPS9","A9C4C1",NA,"OMB No. 0704-0188, W81XWH-08-1-0139","9606.ENSP00000302896"
"666","RPSA","A0A0C4DG17",NA,"OMB No. 0704-0188, W81XWH-08-1-0139","9606.ENSP00000346067"
"667","RRAS","P10301",NA,"OMB No. 0704-0188, W81XWH-08-1-0139","9606.ENSP00000246792"
"668","RRAS2","P62070",NA,"OMB No. 0704-0188, W81XWH-08-1-0139","9606.ENSP00000256196"
"669","RRBP1","Q9P2E9",NA,"OMB No. 0704-0188, W81XWH-08-1-0139","9606.ENSP00000367038"
"670","RSPRY1","B3KNH9",NA,"OMB No. 0704-0188, W81XWH-08-1-0139","9606.ENSP00000443176"
"671","RUVBL1","B3KRS7",NA,"OMB No. 0704-0188, W81XWH-08-1-0139","9606.ENSP00000318297"
"672","RUVBL2","B3KNL2",NA,"OMB No. 0704-0188, W81XWH-08-1-0139","9606.ENSP00000473172"
"673","SCAMP1","A0A087WXB0",NA,"OMB No. 0704-0188, W81XWH-08-1-0139","9606.ENSP00000481022"
"674","SCAMP3","A0AAQ5BHS3",NA,"OMB No. 0704-0188, W81XWH-08-1-0139","9606.ENSP00000307275"
"675","SCARB1","A0A7P0T9I2",NA,"OMB No. 0704-0188, W81XWH-08-1-0139","9606.ENSP00000261693"
"676","SCRIB","A0A0G2JNZ2",NA,"OMB No. 0704-0188, W81XWH-08-1-0139","9606.ENSP00000349486"
"677","SEH1L","Q96EE3",NA,"OMB No. 0704-0188, W81XWH-08-1-0139","9606.ENSP00000382779"
"678","SERBP1","Q5VU19",NA,"OMB No. 0704-0188, W81XWH-08-1-0139","9606.ENSP00000360034"
"679","SF3B3","A8K6V3",NA,"OMB No. 0704-0188, W81XWH-08-1-0139","9606.ENSP00000305790"
"680","SFPQ","A0A384N5Z8",NA,"OMB No. 0704-0188, W81XWH-08-1-0139","9606.ENSP00000349748"
"681","SLC26A2","A8K2U3",NA,"OMB No. 0704-0188, W81XWH-08-1-0139","9606.ENSP00000286298"
"682","SLC2A1","A8K9S6",NA,"OMB No. 0704-0188, W81XWH-08-1-0139","9606.ENSP00000416293"
"683","SMC1A","A0A6Q8PHC3",NA,"OMB No. 0704-0188, W81XWH-08-1-0139","9606.ENSP00000323421"
"48","SNAP23","A8K287",NA,"OMB No. 0704-0188, W81XWH-08-1-0139","9606.ENSP00000249647"
"684","SND1","A0A140VK49",NA,"OMB No. 0704-0188, W81XWH-08-1-0139","9606.ENSP00000346762"
"685","SPTAN1","A0A994J4G5",NA,"OMB No. 0704-0188, W81XWH-08-1-0139","9606.ENSP00000361824"
"686","SQSTM1","Q13501",NA,"OMB No. 0704-0188, W81XWH-08-1-0139","9606.ENSP00000374455"
"687","SRPK1","A8K8B2",NA,"OMB No. 0704-0188, W81XWH-08-1-0139","9606.ENSP00000362931"
"688","STX10","X6R2W0",NA,"OMB No. 0704-0188, W81XWH-08-1-0139","9606.ENSP00000466298"
"689","STX6","O43752",NA,"OMB No. 0704-0188, W81XWH-08-1-0139","9606.ENSP00000258301"
"690","STX8","O60712",NA,"OMB No. 0704-0188, W81XWH-08-1-0139","9606.ENSP00000305255"
"691","SYNCRIP","B7Z645",NA,"OMB No. 0704-0188, W81XWH-08-1-0139","9606.ENSP00000358635"
"692","TAOK1","A2RUT8",NA,"OMB No. 0704-0188, W81XWH-08-1-0139","9606.ENSP00000261716"
"693","TFRC","A8K6Q8",NA,"OMB No. 0704-0188, W81XWH-08-1-0139","9606.ENSP00000353224"
"694","TGM3","A0A494C0J7",NA,"OMB No. 0704-0188, W81XWH-08-1-0139","9606.ENSP00000370867"
"695","THOC1","B2RBP6",NA,"OMB No. 0704-0188, W81XWH-08-1-0139","9606.ENSP00000261600"
"696","THOC3","Q6NZ53",NA,"OMB No. 0704-0188, W81XWH-08-1-0139","9606.ENSP00000265097"
"697","THOC6","Q86W42",NA,"OMB No. 0704-0188, W81XWH-08-1-0139","9606.ENSP00000326531"
"698","TLN1","A0A1S5UZ07",NA,"OMB No. 0704-0188, W81XWH-08-1-0139","9606.ENSP00000316029"
"699","TMEM50A","B2R6I5",NA,"OMB No. 0704-0188, W81XWH-08-1-0139","9606.ENSP00000363478"
"700","TMEM59","Q5T704",NA,"OMB No. 0704-0188, W81XWH-08-1-0139","9606.ENSP00000234831"
"701","TMEM63B","B9EGU3",NA,"OMB No. 0704-0188, W81XWH-08-1-0139","9606.ENSP00000259746"
"702","TMPO","A2T926",NA,"OMB No. 0704-0188, W81XWH-08-1-0139","9606.ENSP00000266732"
"703","TNFRSF10A","A8K5I4",NA,"OMB No. 0704-0188, W81XWH-08-1-0139","9606.ENSP00000221132"
"704","TNFRSF10B","O14720",NA,"OMB No. 0704-0188, W81XWH-08-1-0139","9606.ENSP00000276431"
"705","TNKS1BP1","A0A024R542",NA,"OMB No. 0704-0188, W81XWH-08-1-0139","9606.ENSP00000437271"
"706","TPBG","A8K555",NA,"OMB No. 0704-0188, W81XWH-08-1-0139","9606.ENSP00000358765"
"707","TPM3","A0A0S2Z4I4",NA,"OMB No. 0704-0188, W81XWH-08-1-0139","9606.ENSP00000357516"
"708","TRAPPC3","A0A087WWM0",NA,"OMB No. 0704-0188, W81XWH-08-1-0139","9606.ENSP00000480332"
"709","TRIM25","Q14258",NA,"OMB No. 0704-0188, W81XWH-08-1-0139","9606.ENSP00000323889"
"710","TRIM28","B2R8R5",NA,"OMB No. 0704-0188, W81XWH-08-1-0139","9606.ENSP00000253024"
"711","TTN","A0A0A0MTS7",NA,"OMB No. 0704-0188, W81XWH-08-1-0139","9606.ENSP00000467141"
"712","TUBA1B","A8JZY9",NA,"OMB No. 0704-0188, W81XWH-08-1-0139","9606.ENSP00000336799"
"376","TUBA1C","B7Z1K5",NA,"OMB No. 0704-0188, W81XWH-08-1-0139","9606.ENSP00000301072"
"713","TUBB","B4DY90",NA,"OMB No. 0704-0188, W81XWH-08-1-0139","9606.ENSP00000339001"
"714","TXLNA","D3DPP6",NA,"OMB No. 0704-0188, W81XWH-08-1-0139","9606.ENSP00000362711"
"715","TXNDC5","A0A024QZV0",NA,"OMB No. 0704-0188, W81XWH-08-1-0139","9606.ENSP00000369081"
"716","UBE2N","P61088",NA,"OMB No. 0704-0188, W81XWH-08-1-0139","9606.ENSP00000316176"
"717","UBTD1","D3DR57",NA,"OMB No. 0704-0188, W81XWH-08-1-0139","9606.ENSP00000359698"
"718","UBTD2","Q8TDQ3",NA,"OMB No. 0704-0188, W81XWH-08-1-0139","9606.ENSP00000377381"
"719","UPF1","A0A994J4L7",NA,"OMB No. 0704-0188, W81XWH-08-1-0139","9606.ENSP00000470142"
"720","USP10","A0A7G6J4N4",NA,"OMB No. 0704-0188, W81XWH-08-1-0139","9606.ENSP00000457411"
"721","VAMP3","Q15836",NA,"OMB No. 0704-0188, W81XWH-08-1-0139","9606.ENSP00000054666"
"722","VANGL1","Q8TAA9",NA,"OMB No. 0704-0188, W81XWH-08-1-0139","9606.ENSP00000347672"
"247","VAPA","Q9P0L0",NA,"OMB No. 0704-0188, W81XWH-08-1-0139","9606.ENSP00000345656"
"133","VCP","A0A7P0T8A3",NA,"OMB No. 0704-0188, W81XWH-08-1-0139","9606.ENSP00000351777"
"31","VIM","B0YJC2",NA,"OMB No. 0704-0188, W81XWH-08-1-0139","9606.ENSP00000446007"
"723","XRCC5","A8K3X5",NA,"OMB No. 0704-0188, W81XWH-08-1-0139","9606.ENSP00000375978"
"724","XRCC6","B1AHC8",NA,"OMB No. 0704-0188, W81XWH-08-1-0139","9606.ENSP00000352257"
"725","XRN1","Q8IZH2",NA,"OMB No. 0704-0188, W81XWH-08-1-0139","9606.ENSP00000264951"
"726","YES1","A6NLB3",NA,"OMB No. 0704-0188, W81XWH-08-1-0139","9606.ENSP00000462468"
"727","YWHAE","B3KY71",NA,"OMB No. 0704-0188, W81XWH-08-1-0139","9606.ENSP00000264335"
"728","YWHAG","B3KNB4",NA,"OMB No. 0704-0188, W81XWH-08-1-0139","9606.ENSP00000306330"
"38","YWHAZ","A8K1N0",NA,"OMB No. 0704-0188, W81XWH-08-1-0139","9606.ENSP00000379287"
"729","ZC3HAV1","A8K9U6",NA,"OMB No. 0704-0188, W81XWH-08-1-0139","9606.ENSP00000242351"
"730","ZDHHC12","Q5T269",NA,"OMB No. 0704-0188, W81XWH-08-1-0139","9606.ENSP00000361748"
"731","ZDHHC20","B4DRN8",NA,"OMB No. 0704-0188, W81XWH-08-1-0139","9606.ENSP00000371905"
"732","ZDHHC5","Q2TGF0",NA,"OMB No. 0704-0188, W81XWH-08-1-0139","9606.ENSP00000287169"
"733","ZFR","B2RNR5",NA,"OMB No. 0704-0188, W81XWH-08-1-0139","9606.ENSP00000265069"
